title,views,views_raw
I Built a Secret Room in the Forest,203000,203k views
I Hid a Secret Room Under My Football Field,80000,80k views
I Turned My Garage Into a Secret Underground Bunker,844000,844k views
I Built a Secret Room on a Cliff Edge,54000,54k views
I Built a Secret Room Under My Front Door,13000000,13m views
I Hid a Luxury Room Under My Go-Kart Track,181000,181k views
I Built a Hidden Room Under a Fountain,1400000,1.4m views
I Built a Secret Room Under My Ranch,205000,205k views
I Built a Secret Room Under a Playground,276000,276k views
I Built a Secret Room in the Mountains,505000,505k views
I Built a Secret Wine Cellar Under a Vineyard,496000,496k views
I Built a Secret Room Under My Driveway,1000000,1m views
I Built a Secret Room Under My Koi Pond,6100000,6.1m views
I Built a Secret Room Under My Padel Court,1900000,1.9m views
I Built a Secret Cabin Under the Snow,1700000,1.7m views
I Built a Secret Room Under My Skate Park,1100000,1.1m views
I Built a Secret Room Under My Golf Course,6400000,6.4m views
I Built a Secret Room Under My Swimming Pool,151000000,151m views
I Built a Secret Container Room Inside a Cliff,8800000,8.8m views
I Built a Secret Room Under My Tennis Court,396000,396k views
I Built a Secret Room Under My Pond,2000000,2m views
I Built a Secret Lounge Under My Football Pitch,428000,428k views
I Built a Secret Lounge Under My Basketball Court,2900000,2.9m views
I Built a Secret Bunker Under My Backyard,24000000,24m views
I Built a Secret Ocean Container Home,14000000,14m views
I Built a Secret Bunker Inside a Shipping Container by the Waterfall,219000,219k views
Building a Secret Underwater Container Room in a Frozen River,206000,206k views
I Built a Secret Underwater Container Home,630000,630k views
Secret Underwater Container Home Build,5100000,5.1m views
I Built a Secret Bunker Under My Living Room,156000,156k views
I Built an Underground Survival Bunker for My Cat,129000,129k views
Building a Secret Pub Inside a Cave,146000,146k views
I Built a Secret Room Inside a Hill 🤯,524000,524k views
I Built a Secret Room Inside Hedges,143000,143k views
I Built a Tiny Apartment Inside a Military Vehicle,128000,128k views
I Turned an Old Camper Into a Tiny Guest House,94000,94k views
I Turned a Horse Trailer Into a Tiny Guest House,229000,229k views
From Empty Shed to Dream Sauna,156000,156k views
I Turned a U-Haul Truck Into a Luxury Tiny Home,153000,153k views
I Built a Tiny Guest House Inside My Shed,11000000,11m views
I Turned an Abandoned Ice Cream Truck Into a Tiny Home,104000,104k views
I Built a Secret Bunker to Hide From My Wife,79000,79k views
I Turned a FedEx Delivery Van Into a Cozy Tiny House,110000,110k views
I Built a Hidden Room Underground!,85000,85k views
Man Carves a Dinosaur From a Tree (Insane Result) #ai #aiart #craftmanship #satisfying #asmr,81000,81k views
